-- phpMyAdmin SQL Dump
-- version 5.2.1
-- https://www.phpmyadmin.net/
--
-- Host: 127.0.0.1
-- Generation Time: Apr 16, 2024 at 08:49 PM
-- Server version: 10.4.32-MariaDB
-- PHP Version: 8.2.12

SET SQL_MODE = "NO_AUTO_VALUE_ON_ZERO";
START TRANSACTION;
SET time_zone = "+00:00";


/*!40101 SET @OLD_CHARACTER_SET_CLIENT=@@CHARACTER_SET_CLIENT */;
/*!40101 SET @OLD_CHARACTER_SET_RESULTS=@@CHARACTER_SET_RESULTS */;
/*!40101 SET @OLD_COLLATION_CONNECTION=@@COLLATION_CONNECTION */;
/*!40101 SET NAMES utf8mb4 */;

--
-- Database: `khanak`
--

-- --------------------------------------------------------

--
-- Table structure for table `billing_detail`
--

CREATE TABLE `billing_detail` (
  `user_id` int(100) NOT NULL,
  `first_name` varchar(100) NOT NULL,
  `last_name` varchar(100) NOT NULL,
  `address` varchar(5000) NOT NULL,
  `city` varchar(1000) NOT NULL,
  `country` varchar(1000) NOT NULL,
  `postcode` int(100) NOT NULL,
  `mobile` bigint(250) NOT NULL,
  `email` varchar(5000) NOT NULL,
  `notes` mediumtext DEFAULT NULL
) ENGINE=InnoDB DEFAULT CHARSET=utf8mb4 COLLATE=utf8mb4_general_ci;

--
-- Dumping data for table `billing_detail`
--

INSERT INTO `billing_detail` (`user_id`, `first_name`, `last_name`, `address`, `city`, `country`, `postcode`, `mobile`, `email`, `notes`) VALUES
(16, 'Mehul', 'Prajapat', '101 Tamale house stanza Living ', 'Bangalore', 'United States', 566072, 9887588326, 'mehul.prajapat@bca.christuniversity.in', ''),
(18, 'Harsh', 'Jangid', 'kjnbnm,', 'lkjhgbnmk', 'India', 98678, 9887288326, 'HarshJangid015@gmail.com', ''),
(19, 'Harsh', 'Jangid', 'kjnbnm,', 'lkjhgbnmk', 'India', 98678, 9887288326, 'HarshJangid015@gmail.com', ''),
(19, 'Harsh', 'Jangid', 'kjnbnm,', 'lkjhgbnmk', 'India', 98678, 9887288326, 'HarshJangid015@gmail.com', ''),
(16, 'Harsh', 'Jangid', 'kjnbnm,', 'lkjhgbnmk', 'India', 98678, 9887288326, 'HarshJangid015@gmail.com', ''),
(16, 'Harsh', 'Jangid', 'kjnbnm,', 'lkjhgbnmk', 'India', 98678, 9887288326, 'HarshJangid015@gmail.com', ''),
(20, 'kashish', 'sinha', 'kjnbnm,', 'lkjhgbnmk', 'United States', 98678, 9081828240, 'kashish.sinha1018@gmail.com', 'maa chudaa'),
(20, 'kashish', 'sinha', 'kjnbnm,', 'lkjhgbnmk', 'United States', 98678, 9081828240, 'kashish.sinha1018@gmail.com', ''),
(21, 'Sanghmitra', 'Namdeo', 'Platinum City ', 'bangalore', 'United States', 560018, 8660266207, 'saundaryabhat@gmail.com', ''),
(16, 'Sanghmitra', 'Namdeo', 'Platinum City ', 'bangalore', 'United States', 560018, 8660266207, 'saundaryabhat@gmail.com', ''),
(16, 'Sanghmitra', 'Namdeo', 'Platinum City ', 'bangalore', 'United States', 560018, 8660266207, 'saundaryabhat@gmail.com', ''),
(16, 'Sanghmitra', 'Namdeo', 'Platinum City ', 'bangalore', 'United States', 560018, 8660266207, 'saundaryabhat@gmail.com', ''),
(23, 'Rohan', 'Jangid', 'Prestige woodland', 'Bangalore', 'India', 560073, 7888552589, 'rohan@gmail.com', 'The products are really worth buying');

-- --------------------------------------------------------

--
-- Table structure for table `cart`
--

CREATE TABLE `cart` (
  `user_id` int(10) DEFAULT NULL,
  `product_id` int(10) NOT NULL,
  `product_name` varchar(200) NOT NULL,
  `price` int(100) NOT NULL,
  `quantity` int(100) NOT NULL DEFAULT 1,
  `total` int(100) GENERATED ALWAYS AS (`price` * `quantity`) STORED
) ENGINE=InnoDB DEFAULT CHARSET=utf8mb4 COLLATE=utf8mb4_general_ci;

--
-- Dumping data for table `cart`
--

INSERT INTO `cart` (`user_id`, `product_id`, `product_name`, `price`, `quantity`) VALUES
(21, 10, 'Yellow Pearl Necklace', 2499, 1);

--
-- Triggers `cart`
--
DELIMITER $$
CREATE TRIGGER `before_insert_delete_zero_user_id_and_quantity` BEFORE INSERT ON `cart` FOR EACH ROW BEGIN
    IF NEW.user_id = 0 OR NEW.quantity = 0 THEN
        DELETE FROM cart WHERE `user_id` = NEW.user_id;
    END IF;
END
$$
DELIMITER ;

-- --------------------------------------------------------

--
-- Table structure for table `contact`
--

CREATE TABLE `contact` (
  `contact_id` int(10) NOT NULL,
  `name` varchar(100) NOT NULL,
  `email` varchar(100) NOT NULL,
  `message` varchar(10000) NOT NULL
) ENGINE=InnoDB DEFAULT CHARSET=utf8mb4 COLLATE=utf8mb4_general_ci;

--
-- Dumping data for table `contact`
--

INSERT INTO `contact` (`contact_id`, `name`, `email`, `message`) VALUES
(2, 'Harsh Jangid', 'HarshJangid015@gmail.com', 'hello '),
(3, 'Rohan Jangid', 'rohan@gmail.com', 'I got the delivery. thank you');

-- --------------------------------------------------------

--
-- Table structure for table `orders`
--

CREATE TABLE `orders` (
  `user_id` int(10) NOT NULL,
  `product_id` int(10) NOT NULL,
  `product_name` varchar(200) NOT NULL,
  `price` int(100) NOT NULL,
  `quantity` int(100) NOT NULL,
  `total` int(100) NOT NULL
) ENGINE=InnoDB DEFAULT CHARSET=utf8mb4 COLLATE=utf8mb4_general_ci;

--
-- Dumping data for table `orders`
--

INSERT INTO `orders` (`user_id`, `product_id`, `product_name`, `price`, `quantity`, `total`) VALUES
(15, 1, 'Saffire Necklace', 1499, 3, 4497),
(15, 31, 'Rose Gold Earings', 899, 1, 899),
(15, 5, 'Diamond Necklace', 1399, 1, 1399),
(16, 1, 'Saffire Necklace', 1499, 1, 1499),
(16, 44, 'Pink Diamond Leaf Earings', 1199, 1, 1199),
(16, 61, 'Simple White Pearl Pendant ', 799, 1, 799),
(18, 4, 'Diamond Necklace', 1899, 1, 1899),
(19, 1, 'Saffire Necklace', 1499, 1, 1499),
(16, 1, 'Saffire Necklace', 1499, 2, 2998),
(16, 1, 'Saffire Necklace', 1499, 2, 2998),
(20, 48, 'Gold Stud Earings', 999, 1, 999),
(20, 1, 'Saffire Necklace', 1499, 1, 1499),
(21, 31, 'Rose Gold Earings', 899, 1, 899),
(16, 1, 'Sapphire Necklace', 1499, 1, 1499),
(23, 32, 'Rose Gold Star earrings', 799, 2, 1598),
(23, 54, 'Black-White Pearl Pendant', 559, 2, 1118),
(23, 13, 'LOVE word Necklace', 2499, 1, 2499);

--
-- Triggers `orders`
--
DELIMITER $$
CREATE TRIGGER `before_insert_delete_zero_user_id_and_quantity_orders` BEFORE INSERT ON `orders` FOR EACH ROW BEGIN
    IF NEW.user_id = 0 OR NEW.quantity = 0 THEN
        DELETE FROM orders WHERE `user_id` = NEW.user_id;
    END IF;
END
$$
DELIMITER ;

-- --------------------------------------------------------

--
-- Table structure for table `product_detail`
--

CREATE TABLE `product_detail` (
  `product_id` int(11) NOT NULL,
  `category` varchar(15) NOT NULL,
  `product_name` varchar(2000) NOT NULL,
  `price` float NOT NULL,
  `small_description` varchar(700) NOT NULL,
  `description` varchar(5000) NOT NULL,
  `p_img` varchar(300) NOT NULL
) ENGINE=InnoDB DEFAULT CHARSET=utf8mb4 COLLATE=utf8mb4_general_ci;

--
-- Dumping data for table `product_detail`
--

INSERT INTO `product_detail` (`product_id`, `category`, `product_name`, `price`, `small_description`, `description`, `p_img`) VALUES
(1, 'necklace', 'Sapphire Necklace', 1499, 'Amulette de Cartier necklace, XS model, 18K white pearl, onyx, set with a brilliant-cut diamond of 0.02 carats. Diameter of motif: 12 mm. Adjustable chain: 38-41 cm.', 'Enhance your elegance with our exquisite necklace collection, meticulously crafted to captivate hearts and spark conversations. Our necklaces blend timeless sophistication with contemporary flair, offering you a wearable piece of art that exudes charm and grace.\n\nIndulge in the luxury of intricate designs, each necklace meticulously handcrafted by skilled artisans, ensuring every detail reflects perfection. From delicate chains adorned with shimmering gemstones to bold statement pieces that demand attention, our collection caters to every style and occasion.', 'img/necklace_88.jpg'),
(2, 'necklace', 'Cyan necklace', 1899, 'Amulette de Cartier necklace, XS model, 18K white pearl, onyx, set with a brilliant-cut diamond of 0.02 carats. Diameter of motif: 12 mm. Adjustable chain: 38-41 cm.', 'Enhance your elegance with our exquisite necklace collection, meticulously crafted to captivate hearts and spark conversations. Our necklaces blend timeless sophistication with contemporary flair, offering you a wearable piece of art that exudes charm and grace.\n\nIndulge in the luxury of intricate designs, each necklace meticulously handcrafted by skilled artisans, ensuring every detail reflects perfection. From delicate chains adorned with shimmering gemstones to bold statement pieces that demand attention, our collection caters to every style and occasion.', 'img/necklace_89.jpg'),
(3, 'necklace', 'Diamond Necklace', 1599, 'Amulette de Cartier necklace, XS model, 18K white pearl, onyx, set with a brilliant-cut diamond of 0.02 carats. Diameter of motif: 12 mm. Adjustable chain: 38-41 cm.', 'Enhance your elegance with our exquisite necklace collection, meticulously crafted to captivate hearts and spark conversations. Our necklaces blend timeless sophistication with contemporary flair, offering you a wearable piece of art that exudes charm and grace.\n\nIndulge in the luxury of intricate designs, each necklace meticulously handcrafted by skilled artisans, ensuring every detail reflects perfection. From delicate chains adorned with shimmering gemstones to bold statement pieces that demand attention, our collection caters to every style and occasion.', 'img/necklace_91.jpg'),
(4, 'necklace', 'Diamond Necklace', 1899, 'Amulette de Cartier necklace, XS model, 18K white pearl, onyx, set with a brilliant-cut diamond of 0.02 carats. Diameter of motif: 12 mm. Adjustable chain: 38-41 cm.', 'Enhance your elegance with our exquisite necklace collection, meticulously crafted to captivate hearts and spark conversations. Our necklaces blend timeless sophistication with contemporary flair, offering you a wearable piece of art that exudes charm and grace.\n\nIndulge in the luxury of intricate designs, each necklace meticulously handcrafted by skilled artisans, ensuring every detail reflects perfection. From delicate chains adorned with shimmering gemstones to bold statement pieces that demand attention, our collection caters to every style and occasion.', 'img/necklace_93.jpg'),
(5, 'necklace', 'Diamond Necklace', 1399, 'Amulette de Cartier necklace, XS model, 18K white pearl, onyx, set with a brilliant-cut diamond of 0.02 carats. Diameter of motif: 12 mm. Adjustable chain: 38-41 cm.', 'Enhance your elegance with our exquisite necklace collection, meticulously crafted to captivate hearts and spark conversations. Our necklaces blend timeless sophistication with contemporary flair, offering you a wearable piece of art that exudes charm and grace.\n\nIndulge in the luxury of intricate designs, each necklace meticulously handcrafted by skilled artisans, ensuring every detail reflects perfection. From delicate chains adorned with shimmering gemstones to bold statement pieces that demand attention, our collection caters to every style and occasion.', 'img/necklace_95.jpg'),
(6, 'necklace', 'Diamond Necklace', 2899, 'Amulette de Cartier necklace, XS model, 18K white pearl, onyx, set with a brilliant-cut diamond of 0.02 carats. Diameter of motif: 12 mm. Adjustable chain: 38-41 cm.', 'Enhance your elegance with our exquisite necklace collection, meticulously crafted to captivate hearts and spark conversations. Our necklaces blend timeless sophistication with contemporary flair, offering you a wearable piece of art that exudes charm and grace.\n\nIndulge in the luxury of intricate designs, each necklace meticulously handcrafted by skilled artisans, ensuring every detail reflects perfection. From delicate chains adorned with shimmering gemstones to bold statement pieces that demand attention, our collection caters to every style and occasion.', 'img/necklace_96.jpg'),
(7, 'necklace', 'Triple Gold Layer Necklace', 1899, 'Amulette de Cartier necklace, XS model, 18K white pearl, onyx, set with a brilliant-cut diamond of 0.02 carats. Diameter of motif: 12 mm. Adjustable chain: 38-41 cm.', 'Enhance your elegance with our exquisite necklace collection, meticulously crafted to captivate hearts and spark conversations. Our necklaces blend timeless sophistication with contemporary flair, offering you a wearable piece of art that exudes charm and grace.\n\nIndulge in the luxury of intricate designs, each necklace meticulously handcrafted by skilled artisans, ensuring every detail reflects perfection. From delicate chains adorned with shimmering gemstones to bold statement pieces that demand attention, our collection caters to every style and occasion.', 'img/necklace_154.jpg'),
(8, 'necklace', 'Flower Necklace', 1899, 'Amulette de Cartier necklace, XS model, 18K white pearl, onyx, set with a brilliant-cut diamond of 0.02 carats. Diameter of motif: 12 mm. Adjustable chain: 38-41 cm.', 'Enhance your elegance with our exquisite necklace collection, meticulously crafted to captivate hearts and spark conversations. Our necklaces blend timeless sophistication with contemporary flair, offering you a wearable piece of art that exudes charm and grace.\n\nIndulge in the luxury of intricate designs, each necklace meticulously handcrafted by skilled artisans, ensuring every detail reflects perfection. From delicate chains adorned with shimmering gemstones to bold statement pieces that demand attention, our collection caters to every style and occasion.', 'img/necklace_10.jpg'),
(9, 'necklace', 'Heart Necklace', 1399, 'Amulette de Cartier necklace, XS model, 18K white pearl, onyx, set with a brilliant-cut diamond of 0.02 carats. Diameter of motif: 12 mm. Adjustable chain: 38-41 cm.', 'Enhance your elegance with our exquisite necklace collection, meticulously crafted to captivate hearts and spark conversations. Our necklaces blend timeless sophistication with contemporary flair, offering you a wearable piece of art that exudes charm and grace.\n\nIndulge in the luxury of intricate designs, each necklace meticulously handcrafted by skilled artisans, ensuring every detail reflects perfection. From delicate chains adorned with shimmering gemstones to bold statement pieces that demand attention, our collection caters to every style and occasion.', 'img/necklace_29.jpg'),
(10, 'necklace', 'Yellow Pearl Necklace', 2499, 'Amulette de Cartier necklace, XS model, 18K white pearl, onyx, set with a brilliant-cut diamond of 0.02 carats. Diameter of motif: 12 mm. Adjustable chain: 38-41 cm.', 'Enhance your elegance with our exquisite necklace collection, meticulously crafted to captivate hearts and spark conversations. Our necklaces blend timeless sophistication with contemporary flair, offering you a wearable piece of art that exudes charm and grace.\n\nIndulge in the luxury of intricate designs, each necklace meticulously handcrafted by skilled artisans, ensuring every detail reflects perfection. From delicate chains adorned with shimmering gemstones to bold statement pieces that demand attention, our collection caters to every style and occasion.', 'img/necklace_30.jpg'),
(11, 'necklace', 'Green Pearl Necklace', 1599, 'Amulette de Cartier necklace, XS model, 18K white pearl, onyx, set with a brilliant-cut diamond of 0.02 carats. Diameter of motif: 12 mm. Adjustable chain: 38-41 cm.', 'Enhance your elegance with our exquisite necklace collection, meticulously crafted to captivate hearts and spark conversations. Our necklaces blend timeless sophistication with contemporary flair, offering you a wearable piece of art that exudes charm and grace.\n\nIndulge in the luxury of intricate designs, each necklace meticulously handcrafted by skilled artisans, ensuring every detail reflects perfection. From delicate chains adorned with shimmering gemstones to bold statement pieces that demand attention, our collection caters to every style and occasion.', 'img/necklace_31.jpg'),
(12, 'necklace', 'White Diamond Necklace', 1499, 'Amulette de Cartier necklace, XS model, 18K white pearl, onyx, set with a brilliant-cut diamond of 0.02 carats. Diameter of motif: 12 mm. Adjustable chain: 38-41 cm.', 'Enhance your elegance with our exquisite necklace collection, meticulously crafted to captivate hearts and spark conversations. Our necklaces blend timeless sophistication with contemporary flair, offering you a wearable piece of art that exudes charm and grace.\n\nIndulge in the luxury of intricate designs, each necklace meticulously handcrafted by skilled artisans, ensuring every detail reflects perfection. From delicate chains adorned with shimmering gemstones to bold statement pieces that demand attention, our collection caters to every style and occasion.', 'img/necklace_34.jpg'),
(13, 'necklace', 'LOVE word Necklace', 2499, 'Amulette de Cartier necklace, XS model, 18K white pearl, onyx, set with a brilliant-cut diamond of 0.02 carats. Diameter of motif: 12 mm. Adjustable chain: 38-41 cm.', 'Enhance your elegance with our exquisite necklace collection, meticulously crafted to captivate hearts and spark conversations. Our necklaces blend timeless sophistication with contemporary flair, offering you a wearable piece of art that exudes charm and grace.\n\nIndulge in the luxury of intricate designs, each necklace meticulously handcrafted by skilled artisans, ensuring every detail reflects perfection. From delicate chains adorned with shimmering gemstones to bold statement pieces that demand attention, our collection caters to every style and occasion.', 'img/necklace_35.jpg'),
(14, 'necklace', 'White Small Stone Necklace', 1499, 'Amulette de Cartier necklace, XS model, 18K white pearl, onyx, set with a brilliant-cut diamond of 0.02 carats. Diameter of motif: 12 mm. Adjustable chain: 38-41 cm.', 'Enhance your elegance with our exquisite necklace collection, meticulously crafted to captivate hearts and spark conversations. Our necklaces blend timeless sophistication with contemporary flair, offering you a wearable piece of art that exudes charm and grace.\n\nIndulge in the luxury of intricate designs, each necklace meticulously handcrafted by skilled artisans, ensuring every detail reflects perfection. From delicate chains adorned with shimmering gemstones to bold statement pieces that demand attention, our collection caters to every style and occasion.', 'img/necklace_36.jpg'),
(15, 'necklace', 'Rose & White Gold Necklace', 1599, 'Amulette de Cartier necklace, XS model, 18K white pearl, onyx, set with a brilliant-cut diamond of 0.02 carats. Diameter of motif: 12 mm. Adjustable chain: 38-41 cm.', 'Enhance your elegance with our exquisite necklace collection, meticulously crafted to captivate hearts and spark conversations. Our necklaces blend timeless sophistication with contemporary flair, offering you a wearable piece of art that exudes charm and grace.\n\nIndulge in the luxury of intricate designs, each necklace meticulously handcrafted by skilled artisans, ensuring every detail reflects perfection. From delicate chains adorned with shimmering gemstones to bold statement pieces that demand attention, our collection caters to every style and occasion.', 'img/necklace_37.jpg'),
(16, 'necklace', 'Yellow & White Gold Necklace', 1499, 'Amulette de Cartier necklace, XS model, 18K white pearl, onyx, set with a brilliant-cut diamond of 0.02 carats. Diameter of motif: 12 mm. Adjustable chain: 38-41 cm.', 'Enhance your elegance with our exquisite necklace collection, meticulously crafted to captivate hearts and spark conversations. Our necklaces blend timeless sophistication with contemporary flair, offering you a wearable piece of art that exudes charm and grace.\n\nIndulge in the luxury of intricate designs, each necklace meticulously handcrafted by skilled artisans, ensuring every detail reflects perfection. From delicate chains adorned with shimmering gemstones to bold statement pieces that demand attention, our collection caters to every style and occasion.', 'img/necklace_38.jpg'),
(17, 'necklace', 'White Gold Diamond Necklace', 2499, 'Amulette de Cartier necklace, XS model, 18K white pearl, onyx, set with a brilliant-cut diamond of 0.02 carats. Diameter of motif: 12 mm. Adjustable chain: 38-41 cm.', 'Enhance your elegance with our exquisite necklace collection, meticulously crafted to captivate hearts and spark conversations. Our necklaces blend timeless sophistication with contemporary flair, offering you a wearable piece of art that exudes charm and grace.\n\nIndulge in the luxury of intricate designs, each necklace meticulously handcrafted by skilled artisans, ensuring every detail reflects perfection. From delicate chains adorned with shimmering gemstones to bold statement pieces that demand attention, our collection caters to every style and occasion.', 'img/necklace_39.jpg'),
(18, 'necklace', 'Flower Petal Pattern Necklace', 1599, 'Amulette de Cartier necklace, XS model, 18K white pearl, onyx, set with a brilliant-cut diamond of 0.02 carats. Diameter of motif: 12 mm. Adjustable chain: 38-41 cm.', 'Enhance your elegance with our exquisite necklace collection, meticulously crafted to captivate hearts and spark conversations. Our necklaces blend timeless sophistication with contemporary flair, offering you a wearable piece of art that exudes charm and grace.\n\nIndulge in the luxury of intricate designs, each necklace meticulously handcrafted by skilled artisans, ensuring every detail reflects perfection. From delicate chains adorned with shimmering gemstones to bold statement pieces that demand attention, our collection caters to every style and occasion.', 'img/necklace_41.jpg'),
(19, 'necklace', 'Small Three Flower Necklace', 1599, 'Amulette de Cartier necklace, XS model, 18K white pearl, onyx, set with a brilliant-cut diamond of 0.02 carats. Diameter of motif: 12 mm. Adjustable chain: 38-41 cm.', 'Enhance your elegance with our exquisite necklace collection, meticulously crafted to captivate hearts and spark conversations. Our necklaces blend timeless sophistication with contemporary flair, offering you a wearable piece of art that exudes charm and grace.\n\nIndulge in the luxury of intricate designs, each necklace meticulously handcrafted by skilled artisans, ensuring every detail reflects perfection. From delicate chains adorned with shimmering gemstones to bold statement pieces that demand attention, our collection caters to every style and occasion.', 'img/necklace_42.jpg'),
(20, 'necklace', 'Beautiful Gold Necklace', 1299, 'Amulette de Cartier necklace, XS model, 18K white pearl, onyx, set with a brilliant-cut diamond of 0.02 carats. Diameter of motif: 12 mm. Adjustable chain: 38-41 cm.', 'Enhance your elegance with our exquisite necklace collection, meticulously crafted to captivate hearts and spark conversations. Our necklaces blend timeless sophistication with contemporary flair, offering you a wearable piece of art that exudes charm and grace.\n\nIndulge in the luxury of intricate designs, each necklace meticulously handcrafted by skilled artisans, ensuring every detail reflects perfection. From delicate chains adorned with shimmering gemstones to bold statement pieces that demand attention, our collection caters to every style and occasion.', 'img/necklace_43.jpg'),
(21, 'necklace', 'Simple White Gold Necklace', 2499, 'Amulette de Cartier necklace, XS model, 18K white pearl, onyx, set with a brilliant-cut diamond of 0.02 carats. Diameter of motif: 12 mm. Adjustable chain: 38-41 cm.', 'Enhance your elegance with our exquisite necklace collection, meticulously crafted to captivate hearts and spark conversations. Our necklaces blend timeless sophistication with contemporary flair, offering you a wearable piece of art that exudes charm and grace.\n\nIndulge in the luxury of intricate designs, each necklace meticulously handcrafted by skilled artisans, ensuring every detail reflects perfection. From delicate chains adorned with shimmering gemstones to bold statement pieces that demand attention, our collection caters to every style and occasion.', 'img/necklace_44.jpg'),
(22, 'necklace', 'Diamond Cult Necklace ', 1499, 'Amulette de Cartier necklace, XS model, 18K white pearl, onyx, set with a brilliant-cut diamond of 0.02 carats. Diameter of motif: 12 mm. Adjustable chain: 38-41 cm.', 'Enhance your elegance with our exquisite necklace collection, meticulously crafted to captivate hearts and spark conversations. Our necklaces blend timeless sophistication with contemporary flair, offering you a wearable piece of art that exudes charm and grace.\n\nIndulge in the luxury of intricate designs, each necklace meticulously handcrafted by skilled artisans, ensuring every detail reflects perfection. From delicate chains adorned with shimmering gemstones to bold statement pieces that demand attention, our collection caters to every style and occasion.', 'img/necklace_45.jpg'),
(23, 'necklace', 'White Heart Necklace ', 1599, 'Amulette de Cartier necklace, XS model, 18K white pearl, onyx, set with a brilliant-cut diamond of 0.02 carats. Diameter of motif: 12 mm. Adjustable chain: 38-41 cm.', 'Enhance your elegance with our exquisite necklace collection, meticulously crafted to captivate hearts and spark conversations. Our necklaces blend timeless sophistication with contemporary flair, offering you a wearable piece of art that exudes charm and grace.\n\nIndulge in the luxury of intricate designs, each necklace meticulously handcrafted by skilled artisans, ensuring every detail reflects perfection. From delicate chains adorned with shimmering gemstones to bold statement pieces that demand attention, our collection caters to every style and occasion.', 'img/necklace_80.jpg'),
(24, 'necklace', 'Small Clove Necklace ', 1499, 'Amulette de Cartier necklace, XS model, 18K white pearl, onyx, set with a brilliant-cut diamond of 0.02 carats. Diameter of motif: 12 mm. Adjustable chain: 38-41 cm.', 'Enhance your elegance with our exquisite necklace collection, meticulously crafted to captivate hearts and spark conversations. Our necklaces blend timeless sophistication with contemporary flair, offering you a wearable piece of art that exudes charm and grace.\n\nIndulge in the luxury of intricate designs, each necklace meticulously handcrafted by skilled artisans, ensuring every detail reflects perfection. From delicate chains adorned with shimmering gemstones to bold statement pieces that demand attention, our collection caters to every style and occasion.', 'img/necklace_81.jpg'),
(25, 'necklace', 'Peacock Feather  Necklace', 2499, 'Amulette de Cartier necklace, XS model, 18K white pearl, onyx, set with a brilliant-cut diamond of 0.02 carats. Diameter of motif: 12 mm. Adjustable chain: 38-41 cm.', 'Enhance your elegance with our exquisite necklace collection, meticulously crafted to captivate hearts and spark conversations. Our necklaces blend timeless sophistication with contemporary flair, offering you a wearable piece of art that exudes charm and grace.\n\nIndulge in the luxury of intricate designs, each necklace meticulously handcrafted by skilled artisans, ensuring every detail reflects perfection. From delicate chains adorned with shimmering gemstones to bold statement pieces that demand attention, our collection caters to every style and occasion.', 'img/necklace_82.jpg'),
(26, 'necklace', 'Green Diamond Necklace', 2499, 'Amulette de Cartier necklace, XS model, 18K white pearl, onyx, set with a brilliant-cut diamond of 0.02 carats. Diameter of motif: 12 mm. Adjustable chain: 38-41 cm.', 'Enhance your elegance with our exquisite necklace collection, meticulously crafted to captivate hearts and spark conversations. Our necklaces blend timeless sophistication with contemporary flair, offering you a wearable piece of art that exudes charm and grace.\n\nIndulge in the luxury of intricate designs, each necklace meticulously handcrafted by skilled artisans, ensuring every detail reflects perfection. From delicate chains adorned with shimmering gemstones to bold statement pieces that demand attention, our collection caters to every style and occasion.', 'img/necklace_83.jpg'),
(27, 'necklace', 'Pink Flower Necklace ', 2499, 'Amulette de Cartier necklace, XS model, 18K white pearl, onyx, set with a brilliant-cut diamond of 0.02 carats. Diameter of motif: 12 mm. Adjustable chain: 38-41 cm.', 'Enhance your elegance with our exquisite necklace collection, meticulously crafted to captivate hearts and spark conversations. Our necklaces blend timeless sophistication with contemporary flair, offering you a wearable piece of art that exudes charm and grace.\n\nIndulge in the luxury of intricate designs, each necklace meticulously handcrafted by skilled artisans, ensuring every detail reflects perfection. From delicate chains adorned with shimmering gemstones to bold statement pieces that demand attention, our collection caters to every style and occasion.', 'img/necklace_84.jpg'),
(28, 'necklace', 'Triple layer Gold Necklace', 2499, 'Amulette de Cartier necklace, XS model, 18K white pearl, onyx, set with a brilliant-cut diamond of 0.02 carats. Diameter of motif: 12 mm. Adjustable chain: 38-41 cm.', 'Enhance your elegance with our exquisite necklace collection, meticulously crafted to captivate hearts and spark conversations. Our necklaces blend timeless sophistication with contemporary flair, offering you a wearable piece of art that exudes charm and grace.\n\nIndulge in the luxury of intricate designs, each necklace meticulously handcrafted by skilled artisans, ensuring every detail reflects perfection. From delicate chains adorned with shimmering gemstones to bold statement pieces that demand attention, our collection caters to every style and occasion.', 'img/necklace_85.jpg'),
(29, 'necklace', 'Five Layer White Gold pearl Necklace', 2499, 'Amulette de Cartier necklace, XS model, 18K white pearl, onyx, set with a brilliant-cut diamond of 0.02 carats. Diameter of motif: 12 mm. Adjustable chain: 38-41 cm.', 'Enhance your elegance with our exquisite necklace collection, meticulously crafted to captivate hearts and spark conversations. Our necklaces blend timeless sophistication with contemporary flair, offering you a wearable piece of art that exudes charm and grace.\n\nIndulge in the luxury of intricate designs, each necklace meticulously handcrafted by skilled artisans, ensuring every detail reflects perfection. From delicate chains adorned with shimmering gemstones to bold statement pieces that demand attention, our collection caters to every style and occasion.', 'img/necklace_86.jpg'),
(30, 'necklace', 'Spiral Pink Necklace', 2499, 'Amulette de Cartier necklace, XS model, 18K white pearl, onyx, set with a brilliant-cut diamond of 0.02 carats. Diameter of motif: 12 mm. Adjustable chain: 38-41 cm.', 'Enhance your elegance with our exquisite necklace collection, meticulously crafted to captivate hearts and spark conversations. Our necklaces blend timeless sophistication with contemporary flair, offering you a wearable piece of art that exudes charm and grace.\n\nIndulge in the luxury of intricate designs, each necklace meticulously handcrafted by skilled artisans, ensuring every detail reflects perfection. From delicate chains adorned with shimmering gemstones to bold statement pieces that demand attention, our collection caters to every style and occasion.', 'img/necklace_87.jpg'),
(31, 'earrings', 'Rose Gold earrings', 899, 'Amulette de Cartier earrings, XS model, 18K yellow gold, white mother-of-pearl, set with 2 brilliant-cut diamonds totaling 0.05 carats. Diameter of motifs: 12 mm.', 'Step into a world of elegance and refinement with our captivating earrings collection, where every piece is a testament to exquisite craftsmanship and timeless beauty. From delicate studs to dazzling chandeliers, our earrings are designed to adorn your ears with grace and sophistication, elevating your ensemble to new heights of style.\n\nIndulge in the allure of our meticulously crafted designs, each pair meticulously created by skilled artisans using the finest materials and attention to detail. Whether you prefer the understated elegance of classic pearls, the sparkling brilliance of diamonds, or the vibrant hues of gemstones, our collection offers a diverse range of styles to suit every taste and occasion.', 'img/1.jpg'),
(32, 'earrings', 'Rose Gold Star earrings', 799, 'Amulette de Cartier earrings, XS model, 18K yellow gold, white mother-of-pearl, set with 2 brilliant-cut diamonds totaling 0.05 carats. Diameter of motifs: 12 mm.', 'Step into a world of elegance and refinement with our captivating earrings collection, where every piece is a testament to exquisite craftsmanship and timeless beauty. From delicate studs to dazzling chandeliers, our earrings are designed to adorn your ears with grace and sophistication, elevating your ensemble to new heights of style.\n\nIndulge in the allure of our meticulously crafted designs, each pair meticulously created by skilled artisans using the finest materials and attention to detail. Whether you prefer the understated elegance of classic pearls, the sparkling brilliance of diamonds, or the vibrant hues of gemstones, our collection offers a diverse range of styles to suit every taste and occasion.', 'img/7.jpg'),
(33, 'earrings', 'Gold Leaf earrings', 899, 'Amulette de Cartier earrings, XS model, 18K yellow gold, white mother-of-pearl, set with 2 brilliant-cut diamonds totaling 0.05 carats. Diameter of motifs: 12 mm.', 'Step into a world of elegance and refinement with our captivating earrings collection, where every piece is a testament to exquisite craftsmanship and timeless beauty. From delicate studs to dazzling chandeliers, our earrings are designed to adorn your ears with grace and sophistication, elevating your ensemble to new heights of style.\n\nIndulge in the allure of our meticulously crafted designs, each pair meticulously created by skilled artisans using the finest materials and attention to detail. Whether you prefer the understated elegance of classic pearls, the sparkling brilliance of diamonds, or the vibrant hues of gemstones, our collection offers a diverse range of styles to suit every taste and occasion.', 'img/8.jpg'),
(34, 'earrings', '24K Gold Leaf earrings', 599, 'Amulette de Cartier earrings, XS model, 18K yellow gold, white mother-of-pearl, set with 2 brilliant-cut diamonds totaling 0.05 carats. Diameter of motifs: 12 mm.', 'Step into a world of elegance and refinement with our captivating earrings collection, where every piece is a testament to exquisite craftsmanship and timeless beauty. From delicate studs to dazzling chandeliers, our earrings are designed to adorn your ears with grace and sophistication, elevating your ensemble to new heights of style.\n\nIndulge in the allure of our meticulously crafted designs, each pair meticulously created by skilled artisans using the finest materials and attention to detail. Whether you prefer the understated elegance of classic pearls, the sparkling brilliance of diamonds, or the vibrant hues of gemstones, our collection offers a diverse range of styles to suit every taste and occasion.', 'img/9.jpg'),
(35, 'earrings', 'Gold Pearl earrings', 1599, 'Amulette de Cartier earrings, XS model, 18K yellow gold, white mother-of-pearl, set with 2 brilliant-cut diamonds totaling 0.05 carats. Diameter of motifs: 12 mm.', 'Step into a world of elegance and refinement with our captivating earrings collection, where every piece is a testament to exquisite craftsmanship and timeless beauty. From delicate studs to dazzling chandeliers, our earrings are designed to adorn your ears with grace and sophistication, elevating your ensemble to new heights of style.\n\nIndulge in the allure of our meticulously crafted designs, each pair meticulously created by skilled artisans using the finest materials and attention to detail. Whether you prefer the understated elegance of classic pearls, the sparkling brilliance of diamonds, or the vibrant hues of gemstones, our collection offers a diverse range of styles to suit every taste and occasion.', 'img/10.jpg'),
(36, 'earrings', 'Peacock Gold earrings', 999, 'Amulette de Cartier earrings, XS model, 18K yellow gold, white mother-of-pearl, set with 2 brilliant-cut diamonds totaling 0.05 carats. Diameter of motifs: 12 mm.', 'Step into a world of elegance and refinement with our captivating earrings collection, where every piece is a testament to exquisite craftsmanship and timeless beauty. From delicate studs to dazzling chandeliers, our earrings are designed to adorn your ears with grace and sophistication, elevating your ensemble to new heights of style.\n\nIndulge in the allure of our meticulously crafted designs, each pair meticulously created by skilled artisans using the finest materials and attention to detail. Whether you prefer the understated elegance of classic pearls, the sparkling brilliance of diamonds, or the vibrant hues of gemstones, our collection offers a diverse range of styles to suit every taste and occasion.', 'img/18.jpg'),
(37, 'earrings', 'Blue Peacock Long gold earrings ', 789, 'Amulette de Cartier earrings, XS model, 18K yellow gold, white mother-of-pearl, set with 2 brilliant-cut diamonds totaling 0.05 carats. Diameter of motifs: 12 mm.', 'Step into a world of elegance and refinement with our captivating earrings collection, where every piece is a testament to exquisite craftsmanship and timeless beauty. From delicate studs to dazzling chandeliers, our earrings are designed to adorn your ears with grace and sophistication, elevating your ensemble to new heights of style.\n\nIndulge in the allure of our meticulously crafted designs, each pair meticulously created by skilled artisans using the finest materials and attention to detail. Whether you prefer the understated elegance of classic pearls, the sparkling brilliance of diamonds, or the vibrant hues of gemstones, our collection offers a diverse range of styles to suit every taste and occasion.', 'img/19.jpg'),
(38, 'earrings', 'Pink-White Diamond earrings', 849, 'Amulette de Cartier earrings, XS model, 18K yellow gold, white mother-of-pearl, set with 2 brilliant-cut diamonds totaling 0.05 carats. Diameter of motifs: 12 mm.', 'Step into a world of elegance and refinement with our captivating earrings collection, where every piece is a testament to exquisite craftsmanship and timeless beauty. From delicate studs to dazzling chandeliers, our earrings are designed to adorn your ears with grace and sophistication, elevating your ensemble to new heights of style.\n\nIndulge in the allure of our meticulously crafted designs, each pair meticulously created by skilled artisans using the finest materials and attention to detail. Whether you prefer the understated elegance of classic pearls, the sparkling brilliance of diamonds, or the vibrant hues of gemstones, our collection offers a diverse range of styles to suit every taste and occasion.', 'img/20.jpg'),
(39, 'earrings', 'Pink-Green-White Diamond earrings', 859, 'Amulette de Cartier earrings, XS model, 18K yellow gold, white mother-of-pearl, set with 2 brilliant-cut diamonds totaling 0.05 carats. Diameter of motifs: 12 mm.', 'Step into a world of elegance and refinement with our captivating earrings collection, where every piece is a testament to exquisite craftsmanship and timeless beauty. From delicate studs to dazzling chandeliers, our earrings are designed to adorn your ears with grace and sophistication, elevating your ensemble to new heights of style.\n\nIndulge in the allure of our meticulously crafted designs, each pair meticulously created by skilled artisans using the finest materials and attention to detail. Whether you prefer the understated elegance of classic pearls, the sparkling brilliance of diamonds, or the vibrant hues of gemstones, our collection offers a diverse range of styles to suit every taste and occasion.', 'img/21.jpg'),
(40, 'earrings', 'Pink Stone Jhumka earrings', 849, 'Amulette de Cartier earrings, XS model, 18K yellow gold, white mother-of-pearl, set with 2 brilliant-cut diamonds totaling 0.05 carats. Diameter of motifs: 12 mm.', 'Step into a world of elegance and refinement with our captivating earrings collection, where every piece is a testament to exquisite craftsmanship and timeless beauty. From delicate studs to dazzling chandeliers, our earrings are designed to adorn your ears with grace and sophistication, elevating your ensemble to new heights of style.\n\nIndulge in the allure of our meticulously crafted designs, each pair meticulously created by skilled artisans using the finest materials and attention to detail. Whether you prefer the understated elegance of classic pearls, the sparkling brilliance of diamonds, or the vibrant hues of gemstones, our collection offers a diverse range of styles to suit every taste and occasion.', 'img/23.jpg'),
(41, 'earrings', 'Red-Green Heart earrings', 749, 'Amulette de Cartier earrings, XS model, 18K yellow gold, white mother-of-pearl, set with 2 brilliant-cut diamonds totaling 0.05 carats. Diameter of motifs: 12 mm.', 'Step into a world of elegance and refinement with our captivating earrings collection, where every piece is a testament to exquisite craftsmanship and timeless beauty. From delicate studs to dazzling chandeliers, our earrings are designed to adorn your ears with grace and sophistication, elevating your ensemble to new heights of style.\n\nIndulge in the allure of our meticulously crafted designs, each pair meticulously created by skilled artisans using the finest materials and attention to detail. Whether you prefer the understated elegance of classic pearls, the sparkling brilliance of diamonds, or the vibrant hues of gemstones, our collection offers a diverse range of styles to suit every taste and occasion.', 'img/24.jpg'),
(42, 'earrings', 'Beautiful Pearl-Diamond earrings', 799, 'Amulette de Cartier earrings, XS model, 18K yellow gold, white mother-of-pearl, set with 2 brilliant-cut diamonds totaling 0.05 carats. Diameter of motifs: 12 mm.', 'Step into a world of elegance and refinement with our captivating earrings collection, where every piece is a testament to exquisite craftsmanship and timeless beauty. From delicate studs to dazzling chandeliers, our earrings are designed to adorn your ears with grace and sophistication, elevating your ensemble to new heights of style.\n\nIndulge in the allure of our meticulously crafted designs, each pair meticulously created by skilled artisans using the finest materials and attention to detail. Whether you prefer the understated elegance of classic pearls, the sparkling brilliance of diamonds, or the vibrant hues of gemstones, our collection offers a diverse range of styles to suit every taste and occasion.', 'img/25.jpg'),
(43, 'earrings', 'Small Pink Diamond earrings', 899, 'Amulette de Cartier earrings, XS model, 18K yellow gold, white mother-of-pearl, set with 2 brilliant-cut diamonds totaling 0.05 carats. Diameter of motifs: 12 mm.', 'Step into a world of elegance and refinement with our captivating earrings collection, where every piece is a testament to exquisite craftsmanship and timeless beauty. From delicate studs to dazzling chandeliers, our earrings are designed to adorn your ears with grace and sophistication, elevating your ensemble to new heights of style.\n\nIndulge in the allure of our meticulously crafted designs, each pair meticulously created by skilled artisans using the finest materials and attention to detail. Whether you prefer the understated elegance of classic pearls, the sparkling brilliance of diamonds, or the vibrant hues of gemstones, our collection offers a diverse range of styles to suit every taste and occasion.', 'img/26.jpg'),
(44, 'earrings', 'Pink Diamond Leaf earrings', 1199, 'Amulette de Cartier earrings, XS model, 18K yellow gold, white mother-of-pearl, set with 2 brilliant-cut diamonds totaling 0.05 carats. Diameter of motifs: 12 mm.', 'Step into a world of elegance and refinement with our captivating earrings collection, where every piece is a testament to exquisite craftsmanship and timeless beauty. From delicate studs to dazzling chandeliers, our earrings are designed to adorn your ears with grace and sophistication, elevating your ensemble to new heights of style.\n\nIndulge in the allure of our meticulously crafted designs, each pair meticulously created by skilled artisans using the finest materials and attention to detail. Whether you prefer the understated elegance of classic pearls, the sparkling brilliance of diamonds, or the vibrant hues of gemstones, our collection offers a diverse range of styles to suit every taste and occasion.', 'img/27.jpg'),
(45, 'earrings', 'Beautiful Swan Shaped earrings', 599, 'Amulette de Cartier earrings, XS model, 18K yellow gold, white mother-of-pearl, set with 2 brilliant-cut diamonds totaling 0.05 carats. Diameter of motifs: 12 mm.', 'Step into a world of elegance and refinement with our captivating earrings collection, where every piece is a testament to exquisite craftsmanship and timeless beauty. From delicate studs to dazzling chandeliers, our earrings are designed to adorn your ears with grace and sophistication, elevating your ensemble to new heights of style.\n\nIndulge in the allure of our meticulously crafted designs, each pair meticulously created by skilled artisans using the finest materials and attention to detail. Whether you prefer the understated elegance of classic pearls, the sparkling brilliance of diamonds, or the vibrant hues of gemstones, our collection offers a diverse range of styles to suit every taste and occasion.', 'img/42.jpg'),
(46, 'earrings', 'Fire Stone earrings', 899, 'Amulette de Cartier earrings, XS model, 18K yellow gold, white mother-of-pearl, set with 2 brilliant-cut diamonds totaling 0.05 carats. Diameter of motifs: 12 mm.', 'Step into a world of elegance and refinement with our captivating earrings collection, where every piece is a testament to exquisite craftsmanship and timeless beauty. From delicate studs to dazzling chandeliers, our earrings are designed to adorn your ears with grace and sophistication, elevating your ensemble to new heights of style.\n\nIndulge in the allure of our meticulously crafted designs, each pair meticulously created by skilled artisans using the finest materials and attention to detail. Whether you prefer the understated elegance of classic pearls, the sparkling brilliance of diamonds, or the vibrant hues of gemstones, our collection offers a diverse range of styles to suit every taste and occasion.', 'img/46.jpg'),
(47, 'earrings', 'Yellow Stone earrings', 789, 'Amulette de Cartier earrings, XS model, 18K yellow gold, white mother-of-pearl, set with 2 brilliant-cut diamonds totaling 0.05 carats. Diameter of motifs: 12 mm.', 'Step into a world of elegance and refinement with our captivating earrings collection, where every piece is a testament to exquisite craftsmanship and timeless beauty. From delicate studs to dazzling chandeliers, our earrings are designed to adorn your ears with grace and sophistication, elevating your ensemble to new heights of style.\n\nIndulge in the allure of our meticulously crafted designs, each pair meticulously created by skilled artisans using the finest materials and attention to detail. Whether you prefer the understated elegance of classic pearls, the sparkling brilliance of diamonds, or the vibrant hues of gemstones, our collection offers a diverse range of styles to suit every taste and occasion.', 'img/47.jpg'),
(48, 'earrings', 'Yellow Gold Stud earrings', 999, 'Amulette de Cartier earrings, XS model, 18K yellow gold, white mother-of-pearl, set with 2 brilliant-cut diamonds totaling 0.05 carats. Diameter of motifs: 12 mm.', 'Step into a world of elegance and refinement with our captivating earrings collection, where every piece is a testament to exquisite craftsmanship and timeless beauty. From delicate studs to dazzling chandeliers, our earrings are designed to adorn your ears with grace and sophistication, elevating your ensemble to new heights of style.\n\nIndulge in the allure of our meticulously crafted designs, each pair meticulously created by skilled artisans using the finest materials and attention to detail. Whether you prefer the understated elegance of classic pearls, the sparkling brilliance of diamonds, or the vibrant hues of gemstones, our collection offers a diverse range of styles to suit every taste and occasion.', 'img/72.jpg'),
(49, 'earrings', 'Diamond earrings', 899, 'Amulette de Cartier earrings, XS model, 18K yellow gold, white mother-of-pearl, set with 2 brilliant-cut diamonds totaling 0.05 carats. Diameter of motifs: 12 mm.', 'Step into a world of elegance and refinement with our captivating earrings collection, where every piece is a testament to exquisite craftsmanship and timeless beauty. From delicate studs to dazzling chandeliers, our earrings are designed to adorn your ears with grace and sophistication, elevating your ensemble to new heights of style.\n\nIndulge in the allure of our meticulously crafted designs, each pair meticulously created by skilled artisans using the finest materials and attention to detail. Whether you prefer the understated elegance of classic pearls, the sparkling brilliance of diamonds, or the vibrant hues of gemstones, our collection offers a diverse range of styles to suit every taste and occasion.', 'img/73.jpg'),
(50, 'earrings', 'Beautiful Abstract earrings', 1099, 'Amulette de Cartier earrings, XS model, 18K yellow gold, white mother-of-pearl, set with 2 brilliant-cut diamonds totaling 0.05 carats. Diameter of motifs: 12 mm.', 'Step into a world of elegance and refinement with our captivating earrings collection, where every piece is a testament to exquisite craftsmanship and timeless beauty. From delicate studs to dazzling chandeliers, our earrings are designed to adorn your ears with grace and sophistication, elevating your ensemble to new heights of style.\n\nIndulge in the allure of our meticulously crafted designs, each pair meticulously created by skilled artisans using the finest materials and attention to detail. Whether you prefer the understated elegance of classic pearls, the sparkling brilliance of diamonds, or the vibrant hues of gemstones, our collection offers a diverse range of styles to suit every taste and occasion.', 'img/74.jpg'),
(51, 'pendant', 'Pearl Pendant', 499, 'Paris Nouvelle Vague Pendant, 18K pink gold, set with 114 diamonds totaling 5.27 carats,Diameter of motif: 12 mm. Adjustable chain: 38-41 cm,XS model, 18K gold', 'Elevate your style with our exquisite pendant collection, where each piece is a manifestation of timeless elegance and refined craftsmanship. Crafted with precision and passion, our pendants exude sophistication, making them the perfect accessory to complement any outfit and occasion.\n\nIndulge in the allure of our diverse range of designs, from classic solitaire pendants to intricately detailed masterpieces adorned with sparkling gemstones. Each pendant is thoughtfully curated to capture the essence of grace and beauty, allowing you to express your individuality with confidence and charm.', 'img/necklace_1.jpg'),
(52, 'pendant', 'Purple-Ornage Stone Pendant', 499, 'Paris Nouvelle Vague Pendant, 18K pink gold, set with 114 diamonds totaling 5.27 carats,Diameter of motif: 12 mm. Adjustable chain: 38-41 cm,XS model, 18K gold', 'Elevate your style with our exquisite pendant collection, where each piece is a manifestation of timeless elegance and refined craftsmanship. Crafted with precision and passion, our pendants exude sophistication, making them the perfect accessory to complement any outfit and occasion.\n\nIndulge in the allure of our diverse range of designs, from classic solitaire pendants to intricately detailed masterpieces adorned with sparkling gemstones. Each pendant is thoughtfully curated to capture the essence of grace and beauty, allowing you to express your individuality with confidence and charm.', 'img/necklace_2.jpg'),
(53, 'pendant', 'Orange-Green Pearl Pendant', 399, 'Paris Nouvelle Vague Pendant, 18K pink gold, set with 114 diamonds totaling 5.27 carats,Diameter of motif: 12 mm. Adjustable chain: 38-41 cm,XS model, 18K gold', 'Elevate your style with our exquisite pendant collection, where each piece is a manifestation of timeless elegance and refined craftsmanship. Crafted with precision and passion, our pendants exude sophistication, making them the perfect accessory to complement any outfit and occasion.\n\nIndulge in the allure of our diverse range of designs, from classic solitaire pendants to intricately detailed masterpieces adorned with sparkling gemstones. Each pendant is thoughtfully curated to capture the essence of grace and beauty, allowing you to express your individuality with confidence and charm.', 'img/necklace_3.jpg'),
(54, 'pendant', 'Black-White Pearl Pendant', 559, 'Paris Nouvelle Vague Pendant, 18K pink gold, set with 114 diamonds totaling 5.27 carats,Diameter of motif: 12 mm. Adjustable chain: 38-41 cm,XS model, 18K gold', 'Elevate your style with our exquisite pendant collection, where each piece is a manifestation of timeless elegance and refined craftsmanship. Crafted with precision and passion, our pendants exude sophistication, making them the perfect accessory to complement any outfit and occasion.\n\nIndulge in the allure of our diverse range of designs, from classic solitaire pendants to intricately detailed masterpieces adorned with sparkling gemstones. Each pendant is thoughtfully curated to capture the essence of grace and beauty, allowing you to express your individuality with confidence and charm.', 'img/necklace_4.jpg'),
(55, 'pendant', 'Purple Heart Pendant', 299, 'Paris Nouvelle Vague Pendant, 18K pink gold, set with 114 diamonds totaling 5.27 carats,Diameter of motif: 12 mm. Adjustable chain: 38-41 cm,XS model, 18K gold', 'Elevate your style with our exquisite pendant collection, where each piece is a manifestation of timeless elegance and refined craftsmanship. Crafted with precision and passion, our pendants exude sophistication, making them the perfect accessory to complement any outfit and occasion.\n\nIndulge in the allure of our diverse range of designs, from classic solitaire pendants to intricately detailed masterpieces adorned with sparkling gemstones. Each pendant is thoughtfully curated to capture the essence of grace and beauty, allowing you to express your individuality with confidence and charm.', 'img/necklace_6.jpg'),
(56, 'pendant', 'Light Blue Heart Pendant', 999, 'Paris Nouvelle Vague Pendant, 18K pink gold, set with 114 diamonds totaling 5.27 carats,Diameter of motif: 12 mm. Adjustable chain: 38-41 cm,XS model, 18K gold', 'Elevate your style with our exquisite pendant collection, where each piece is a manifestation of timeless elegance and refined craftsmanship. Crafted with precision and passion, our pendants exude sophistication, making them the perfect accessory to complement any outfit and occasion.\n\nIndulge in the allure of our diverse range of designs, from classic solitaire pendants to intricately detailed masterpieces adorned with sparkling gemstones. Each pendant is thoughtfully curated to capture the essence of grace and beauty, allowing you to express your individuality with confidence and charm.', 'img/necklace_7.jpg'),
(57, 'pendant', 'Purple Clove Pendant', 889, 'Paris Nouvelle Vague Pendant, 18K pink gold, set with 114 diamonds totaling 5.27 carats,Diameter of motif: 12 mm. Adjustable chain: 38-41 cm,XS model, 18K gold', 'Elevate your style with our exquisite pendant collection, where each piece is a manifestation of timeless elegance and refined craftsmanship. Crafted with precision and passion, our pendants exude sophistication, making them the perfect accessory to complement any outfit and occasion.\n\nIndulge in the allure of our diverse range of designs, from classic solitaire pendants to intricately detailed masterpieces adorned with sparkling gemstones. Each pendant is thoughtfully curated to capture the essence of grace and beauty, allowing you to express your individuality with confidence and charm.', 'img/necklace_9.jpg');
INSERT INTO `product_detail` (`product_id`, `category`, `product_name`, `price`, `small_description`, `description`, `p_img`) VALUES
(58, 'pendant', 'Bird Pendant', 799, 'Paris Nouvelle Vague Pendant, 18K pink gold, set with 114 diamonds totaling 5.27 carats,Diameter of motif: 12 mm. Adjustable chain: 38-41 cm,XS model, 18K gold', 'Elevate your style with our exquisite pendant collection, where each piece is a manifestation of timeless elegance and refined craftsmanship. Crafted with precision and passion, our pendants exude sophistication, making them the perfect accessory to complement any outfit and occasion.\n\nIndulge in the allure of our diverse range of designs, from classic solitaire pendants to intricately detailed masterpieces adorned with sparkling gemstones. Each pendant is thoughtfully curated to capture the essence of grace and beauty, allowing you to express your individuality with confidence and charm.', 'img/necklace_97.jpg'),
(59, 'pendant', 'LOVE Letter Pendant', 799, 'Paris Nouvelle Vague Pendant, 18K pink gold, set with 114 diamonds totaling 5.27 carats,Diameter of motif: 12 mm. Adjustable chain: 38-41 cm,XS model, 18K gold', 'Elevate your style with our exquisite pendant collection, where each piece is a manifestation of timeless elegance and refined craftsmanship. Crafted with precision and passion, our pendants exude sophistication, making them the perfect accessory to complement any outfit and occasion.\n\nIndulge in the allure of our diverse range of designs, from classic solitaire pendants to intricately detailed masterpieces adorned with sparkling gemstones. Each pendant is thoughtfully curated to capture the essence of grace and beauty, allowing you to express your individuality with confidence and charm.', 'img/necklace_98.jpg'),
(60, 'pendant', 'I love you With Arrow Pendant', 799, 'Paris Nouvelle Vague Pendant, 18K pink gold, set with 114 diamonds totaling 5.27 carats,Diameter of motif: 12 mm. Adjustable chain: 38-41 cm,XS model, 18K gold', 'Elevate your style with our exquisite pendant collection, where each piece is a manifestation of timeless elegance and refined craftsmanship. Crafted with precision and passion, our pendants exude sophistication, making them the perfect accessory to complement any outfit and occasion.\n\nIndulge in the allure of our diverse range of designs, from classic solitaire pendants to intricately detailed masterpieces adorned with sparkling gemstones. Each pendant is thoughtfully curated to capture the essence of grace and beauty, allowing you to express your individuality with confidence and charm.', 'img/necklace_99.jpg'),
(61, 'pendant', 'Simple White Pearl Pendant ', 799, 'Paris Nouvelle Vague Pendant, 18K pink gold, set with 114 diamonds totaling 5.27 carats,Diameter of motif: 12 mm. Adjustable chain: 38-41 cm,XS model, 18K gold', 'Elevate your style with our exquisite pendant collection, where each piece is a manifestation of timeless elegance and refined craftsmanship. Crafted with precision and passion, our pendants exude sophistication, making them the perfect accessory to complement any outfit and occasion.\n\nIndulge in the allure of our diverse range of designs, from classic solitaire pendants to intricately detailed masterpieces adorned with sparkling gemstones. Each pendant is thoughtfully curated to capture the essence of grace and beauty, allowing you to express your individuality with confidence and charm.', 'img/necklace_100.jpg'),
(62, 'pendant', 'Infinity Pendant ', 799, 'Paris Nouvelle Vague Pendant, 18K pink gold, set with 114 diamonds totaling 5.27 carats,Diameter of motif: 12 mm. Adjustable chain: 38-41 cm,XS model, 18K gold', 'Elevate your style with our exquisite pendant collection, where each piece is a manifestation of timeless elegance and refined craftsmanship. Crafted with precision and passion, our pendants exude sophistication, making them the perfect accessory to complement any outfit and occasion.\n\nIndulge in the allure of our diverse range of designs, from classic solitaire pendants to intricately detailed masterpieces adorned with sparkling gemstones. Each pendant is thoughtfully curated to capture the essence of grace and beauty, allowing you to express your individuality with confidence and charm.', 'img/necklace_102.jpg'),
(63, 'pendant', 'Heart with Love Pendant ', 799, 'Paris Nouvelle Vague Pendant, 18K pink gold, set with 114 diamonds totaling 5.27 carats,Diameter of motif: 12 mm. Adjustable chain: 38-41 cm,XS model, 18K gold', 'Elevate your style with our exquisite pendant collection, where each piece is a manifestation of timeless elegance and refined craftsmanship. Crafted with precision and passion, our pendants exude sophistication, making them the perfect accessory to complement any outfit and occasion.\n\nIndulge in the allure of our diverse range of designs, from classic solitaire pendants to intricately detailed masterpieces adorned with sparkling gemstones. Each pendant is thoughtfully curated to capture the essence of grace and beauty, allowing you to express your individuality with confidence and charm.', 'img/necklace_103.jpg'),
(64, 'pendant', 'Cute Bow Pendant ', 799, 'Paris Nouvelle Vague Pendant, 18K pink gold, set with 114 diamonds totaling 5.27 carats,Diameter of motif: 12 mm. Adjustable chain: 38-41 cm,XS model, 18K gold', 'Elevate your style with our exquisite pendant collection, where each piece is a manifestation of timeless elegance and refined craftsmanship. Crafted with precision and passion, our pendants exude sophistication, making them the perfect accessory to complement any outfit and occasion.\n\nIndulge in the allure of our diverse range of designs, from classic solitaire pendants to intricately detailed masterpieces adorned with sparkling gemstones. Each pendant is thoughtfully curated to capture the essence of grace and beauty, allowing you to express your individuality with confidence and charm.', 'img/necklace_104.jpg'),
(65, 'pendant', 'Heart Infinity Pendant ', 799, 'Paris Nouvelle Vague Pendant, 18K pink gold, set with 114 diamonds totaling 5.27 carats,Diameter of motif: 12 mm. Adjustable chain: 38-41 cm,XS model, 18K gold', 'Elevate your style with our exquisite pendant collection, where each piece is a manifestation of timeless elegance and refined craftsmanship. Crafted with precision and passion, our pendants exude sophistication, making them the perfect accessory to complement any outfit and occasion.\n\nIndulge in the allure of our diverse range of designs, from classic solitaire pendants to intricately detailed masterpieces adorned with sparkling gemstones. Each pendant is thoughtfully curated to capture the essence of grace and beauty, allowing you to express your individuality with confidence and charm.', 'img/necklace_105.jpg'),
(66, 'pendant', 'Double Heart Pendant ', 799, 'Paris Nouvelle Vague Pendant, 18K pink gold, set with 114 diamonds totaling 5.27 carats,Diameter of motif: 12 mm. Adjustable chain: 38-41 cm,XS model, 18K gold', 'Elevate your style with our exquisite pendant collection, where each piece is a manifestation of timeless elegance and refined craftsmanship. Crafted with precision and passion, our pendants exude sophistication, making them the perfect accessory to complement any outfit and occasion.\n\nIndulge in the allure of our diverse range of designs, from classic solitaire pendants to intricately detailed masterpieces adorned with sparkling gemstones. Each pendant is thoughtfully curated to capture the essence of grace and beauty, allowing you to express your individuality with confidence and charm.', 'img/necklace_106.jpg'),
(67, 'pendant', 'Double Infinity Pendant ', 799, 'Paris Nouvelle Vague Pendant, 18K pink gold, set with 114 diamonds totaling 5.27 carats,Diameter of motif: 12 mm. Adjustable chain: 38-41 cm,XS model, 18K gold', 'Elevate your style with our exquisite pendant collection, where each piece is a manifestation of timeless elegance and refined craftsmanship. Crafted with precision and passion, our pendants exude sophistication, making them the perfect accessory to complement any outfit and occasion.\n\nIndulge in the allure of our diverse range of designs, from classic solitaire pendants to intricately detailed masterpieces adorned with sparkling gemstones. Each pendant is thoughtfully curated to capture the essence of grace and beauty, allowing you to express your individuality with confidence and charm.', 'img/necklace_107.jpg'),
(68, 'pendant', 'Rose Gold Infinity Heart Pendant ', 799, 'Paris Nouvelle Vague Pendant, 18K pink gold, set with 114 diamonds totaling 5.27 carats,Diameter of motif: 12 mm. Adjustable chain: 38-41 cm,XS model, 18K gold', 'Elevate your style with our exquisite pendant collection, where each piece is a manifestation of timeless elegance and refined craftsmanship. Crafted with precision and passion, our pendants exude sophistication, making them the perfect accessory to complement any outfit and occasion.\n\nIndulge in the allure of our diverse range of designs, from classic solitaire pendants to intricately detailed masterpieces adorned with sparkling gemstones. Each pendant is thoughtfully curated to capture the essence of grace and beauty, allowing you to express your individuality with confidence and charm.', 'img/necklace_108.jpg'),
(69, 'pendant', 'Infinity Circle Pendant ', 799, 'Paris Nouvelle Vague Pendant, 18K pink gold, set with 114 diamonds totaling 5.27 carats,Diameter of motif: 12 mm. Adjustable chain: 38-41 cm,XS model, 18K gold', 'Elevate your style with our exquisite pendant collection, where each piece is a manifestation of timeless elegance and refined craftsmanship. Crafted with precision and passion, our pendants exude sophistication, making them the perfect accessory to complement any outfit and occasion.\n\nIndulge in the allure of our diverse range of designs, from classic solitaire pendants to intricately detailed masterpieces adorned with sparkling gemstones. Each pendant is thoughtfully curated to capture the essence of grace and beauty, allowing you to express your individuality with confidence and charm.', 'img/necklace_109.jpg'),
(70, 'pendant', 'Kitty Pendant ', 799, 'Paris Nouvelle Vague Pendant, 18K pink gold, set with 114 diamonds totaling 5.27 carats,Diameter of motif: 12 mm. Adjustable chain: 38-41 cm,XS model, 18K gold', 'Elevate your style with our exquisite pendant collection, where each piece is a manifestation of timeless elegance and refined craftsmanship. Crafted with precision and passion, our pendants exude sophistication, making them the perfect accessory to complement any outfit and occasion.\n\nIndulge in the allure of our diverse range of designs, from classic solitaire pendants to intricately detailed masterpieces adorned with sparkling gemstones. Each pendant is thoughtfully curated to capture the essence of grace and beauty, allowing you to express your individuality with confidence and charm.', 'img/necklace_119.jpg'),
(71, 'pendant', 'Cute Star Pendant ', 799, 'Paris Nouvelle Vague Pendant, 18K pink gold, set with 114 diamonds totaling 5.27 carats,Diameter of motif: 12 mm. Adjustable chain: 38-41 cm,XS model, 18K gold', 'Elevate your style with our exquisite pendant collection, where each piece is a manifestation of timeless elegance and refined craftsmanship. Crafted with precision and passion, our pendants exude sophistication, making them the perfect accessory to complement any outfit and occasion.\n\nIndulge in the allure of our diverse range of designs, from classic solitaire pendants to intricately detailed masterpieces adorned with sparkling gemstones. Each pendant is thoughtfully curated to capture the essence of grace and beauty, allowing you to express your individuality with confidence and charm.', 'img/necklace_123.jpg'),
(72, 'pendant', 'Heart Cylinder Pendant ', 799, 'Paris Nouvelle Vague Pendant, 18K pink gold, set with 114 diamonds totaling 5.27 carats,Diameter of motif: 12 mm. Adjustable chain: 38-41 cm,XS model, 18K gold', 'Elevate your style with our exquisite pendant collection, where each piece is a manifestation of timeless elegance and refined craftsmanship. Crafted with precision and passion, our pendants exude sophistication, making them the perfect accessory to complement any outfit and occasion.\n\nIndulge in the allure of our diverse range of designs, from classic solitaire pendants to intricately detailed masterpieces adorned with sparkling gemstones. Each pendant is thoughtfully curated to capture the essence of grace and beauty, allowing you to express your individuality with confidence and charm.', 'img/necklace_124.jpg'),
(73, 'pendant', 'Rose Pendant ', 799, 'Paris Nouvelle Vague Pendant, 18K pink gold, set with 114 diamonds totaling 5.27 carats,Diameter of motif: 12 mm. Adjustable chain: 38-41 cm,XS model, 18K gold', 'Elevate your style with our exquisite pendant collection, where each piece is a manifestation of timeless elegance and refined craftsmanship. Crafted with precision and passion, our pendants exude sophistication, making them the perfect accessory to complement any outfit and occasion.\n\nIndulge in the allure of our diverse range of designs, from classic solitaire pendants to intricately detailed masterpieces adorned with sparkling gemstones. Each pendant is thoughtfully curated to capture the essence of grace and beauty, allowing you to express your individuality with confidence and charm.', 'img/necklace_125.jpg'),
(74, 'pendant', 'Pendant ', 799, 'Paris Nouvelle Vague Pendant, 18K pink gold, set with 114 diamonds totaling 5.27 carats,Diameter of motif: 12 mm. Adjustable chain: 38-41 cm,XS model, 18K gold', 'Elevate your style with our exquisite pendant collection, where each piece is a manifestation of timeless elegance and refined craftsmanship. Crafted with precision and passion, our pendants exude sophistication, making them the perfect accessory to complement any outfit and occasion.\n\nIndulge in the allure of our diverse range of designs, from classic solitaire pendants to intricately detailed masterpieces adorned with sparkling gemstones. Each pendant is thoughtfully curated to capture the essence of grace and beauty, allowing you to express your individuality with confidence and charm.', 'img/necklace_126.jpg'),
(75, 'pendant', 'Abstract Pendant ', 799, 'Paris Nouvelle Vague Pendant, 18K pink gold, set with 114 diamonds totaling 5.27 carats,Diameter of motif: 12 mm. Adjustable chain: 38-41 cm,XS model, 18K gold', 'Elevate your style with our exquisite pendant collection, where each piece is a manifestation of timeless elegance and refined craftsmanship. Crafted with precision and passion, our pendants exude sophistication, making them the perfect accessory to complement any outfit and occasion.\n\nIndulge in the allure of our diverse range of designs, from classic solitaire pendants to intricately detailed masterpieces adorned with sparkling gemstones. Each pendant is thoughtfully curated to capture the essence of grace and beauty, allowing you to express your individuality with confidence and charm.', 'img/necklace_128.jpg'),
(76, 'pendant', 'triple stone Pendant ', 799, 'Paris Nouvelle Vague Pendant, 18K pink gold, set with 114 diamonds totaling 5.27 carats,Diameter of motif: 12 mm. Adjustable chain: 38-41 cm,XS model, 18K gold', 'Elevate your style with our exquisite pendant collection, where each piece is a manifestation of timeless elegance and refined craftsmanship. Crafted with precision and passion, our pendants exude sophistication, making them the perfect accessory to complement any outfit and occasion.\n\nIndulge in the allure of our diverse range of designs, from classic solitaire pendants to intricately detailed masterpieces adorned with sparkling gemstones. Each pendant is thoughtfully curated to capture the essence of grace and beauty, allowing you to express your individuality with confidence and charm.', 'img/necklace_129.jpg'),
(77, 'pendant', 'Pendant ', 799, 'Paris Nouvelle Vague Pendant, 18K pink gold, set with 114 diamonds totaling 5.27 carats,Diameter of motif: 12 mm. Adjustable chain: 38-41 cm,XS model, 18K gold', 'Elevate your style with our exquisite pendant collection, where each piece is a manifestation of timeless elegance and refined craftsmanship. Crafted with precision and passion, our pendants exude sophistication, making them the perfect accessory to complement any outfit and occasion.\n\nIndulge in the allure of our diverse range of designs, from classic solitaire pendants to intricately detailed masterpieces adorned with sparkling gemstones. Each pendant is thoughtfully curated to capture the essence of grace and beauty, allowing you to express your individuality with confidence and charm.', 'img/necklace_130.jpg'),
(78, 'pendant', 'Double Butterfly Pendant ', 799, 'Paris Nouvelle Vague Pendant, 18K pink gold, set with 114 diamonds totaling 5.27 carats,Diameter of motif: 12 mm. Adjustable chain: 38-41 cm,XS model, 18K gold', 'Elevate your style with our exquisite pendant collection, where each piece is a manifestation of timeless elegance and refined craftsmanship. Crafted with precision and passion, our pendants exude sophistication, making them the perfect accessory to complement any outfit and occasion.\n\nIndulge in the allure of our diverse range of designs, from classic solitaire pendants to intricately detailed masterpieces adorned with sparkling gemstones. Each pendant is thoughtfully curated to capture the essence of grace and beauty, allowing you to express your individuality with confidence and charm.', 'img/necklace_131.jpg'),
(79, 'pendant', 'Hexagon Pendant ', 799, 'Paris Nouvelle Vague Pendant, 18K pink gold, set with 114 diamonds totaling 5.27 carats,Diameter of motif: 12 mm. Adjustable chain: 38-41 cm,XS model, 18K gold', 'Elevate your style with our exquisite pendant collection, where each piece is a manifestation of timeless elegance and refined craftsmanship. Crafted with precision and passion, our pendants exude sophistication, making them the perfect accessory to complement any outfit and occasion.\n\nIndulge in the allure of our diverse range of designs, from classic solitaire pendants to intricately detailed masterpieces adorned with sparkling gemstones. Each pendant is thoughtfully curated to capture the essence of grace and beauty, allowing you to express your individuality with confidence and charm.', 'img/necklace_133.jpg'),
(80, 'pendant', 'Heart Butterfly Pendant ', 799, 'Paris Nouvelle Vague Pendant, 18K pink gold, set with 114 diamonds totaling 5.27 carats,Diameter of motif: 12 mm. Adjustable chain: 38-41 cm,XS model, 18K gold', 'Elevate your style with our exquisite pendant collection, where each piece is a manifestation of timeless elegance and refined craftsmanship. Crafted with precision and passion, our pendants exude sophistication, making them the perfect accessory to complement any outfit and occasion.\n\nIndulge in the allure of our diverse range of designs, from classic solitaire pendants to intricately detailed masterpieces adorned with sparkling gemstones. Each pendant is thoughtfully curated to capture the essence of grace and beauty, allowing you to express your individuality with confidence and charm.', 'img/necklace_137.jpg');

-- --------------------------------------------------------

--
-- Table structure for table `users`
--

CREATE TABLE `users` (
  `user_id` int(10) NOT NULL,
  `username` varchar(100) NOT NULL,
  `password` varchar(200) NOT NULL
) ENGINE=InnoDB DEFAULT CHARSET=utf8mb4 COLLATE=utf8mb4_general_ci;

--
-- Dumping data for table `users`
--

INSERT INTO `users` (`user_id`, `username`, `password`) VALUES
(16, 'harsh', '789f215f55165cb68d8cd7d1ac2868a7'),
(17, 'Mehul', '027a13928b1a47f9c0e41b0bfc4406da'),
(18, 'kaushal', 'fdc7fa533f362138a54d93885b03eb6f'),
(19, 'saundarya', 'd4c52f68ac3f388429436a6c69ca1b15'),
(20, 'kashish', 'c3b4779bdd3920c4ba8cc94a60373392'),
(21, 'sanghmitra ', '789f215f55165cb68d8cd7d1ac2868a7'),
(22, 'Harshit', 'a041607bb76b0b0dd957f6997f95e837'),
(23, 'rohan', 'e4d9b646b046fbe1dbcde2eb9949b60e');

-- --------------------------------------------------------

--
-- Table structure for table `users_detail`
--

CREATE TABLE `users_detail` (
  `user_id` int(10) NOT NULL,
  `first_name` varchar(100) NOT NULL,
  `last_name` varchar(100) NOT NULL,
  `mobile` varchar(15) NOT NULL,
  `email` varchar(100) NOT NULL,
  `gender` varchar(25) NOT NULL
) ENGINE=InnoDB DEFAULT CHARSET=utf8mb4 COLLATE=utf8mb4_general_ci;

--
-- Dumping data for table `users_detail`
--

INSERT INTO `users_detail` (`user_id`, `first_name`, `last_name`, `mobile`, `email`, `gender`) VALUES
(15, 'mehul', 'prajapat', '9314961608', 'mehulprajapat03@gmail.com', 'male'),
(16, 'Harsh', 'Jangid', '9887288326', 'HarshJangid015@gmail.com', 'Male'),
(17, 'nihal', 'S M', '9587588326', 'nihal@bca.christuniversity.in', 'prefer not to say'),
(18, 'Kush', 'Jaiswal', '9752528228', 'jaiswalkush8@gmail.com', 'Jaat'),
(19, 'Saundarya', 'Bhat', '8660266207', 'saundaryabhat@gmail.com', 'Female'),
(20, 'kashish', 'sinha', '9081828240', 'kashish.sinha1018@gmail.com', 'Female'),
(21, 'Sanghmitra', 'Namdeo', '8660266207', 'saundaryabhat@gmail.com', 'Female'),
(22, 'Harshit', 'Dangayach', '8000863311', 'harshit@gmail.com', 'Male'),
(23, 'Rohan', 'Jangid', '9558662565', 'rohan@gmail.com', 'Male');

--
-- Indexes for dumped tables
--

--
-- Indexes for table `contact`
--
ALTER TABLE `contact`
  ADD PRIMARY KEY (`contact_id`);

--
-- Indexes for table `product_detail`
--
ALTER TABLE `product_detail`
  ADD PRIMARY KEY (`product_id`);

--
-- Indexes for table `users`
--
ALTER TABLE `users`
  ADD PRIMARY KEY (`user_id`),
  ADD UNIQUE KEY `username` (`username`);

--
-- Indexes for table `users_detail`
--
ALTER TABLE `users_detail`
  ADD PRIMARY KEY (`user_id`);

--
-- AUTO_INCREMENT for dumped tables
--

--
-- AUTO_INCREMENT for table `contact`
--
ALTER TABLE `contact`
  MODIFY `contact_id` int(10) NOT NULL AUTO_INCREMENT, AUTO_INCREMENT=4;

--
-- AUTO_INCREMENT for table `product_detail`
--
ALTER TABLE `product_detail`
  MODIFY `product_id` int(11) NOT NULL AUTO_INCREMENT, AUTO_INCREMENT=81;

--
-- AUTO_INCREMENT for table `users`
--
ALTER TABLE `users`
  MODIFY `user_id` int(10) NOT NULL AUTO_INCREMENT, AUTO_INCREMENT=24;
COMMIT;

/*!40101 SET CHARACTER_SET_CLIENT=@OLD_CHARACTER_SET_CLIENT */;
/*!40101 SET CHARACTER_SET_RESULTS=@OLD_CHARACTER_SET_RESULTS */;
/*!40101 SET COLLATION_CONNECTION=@OLD_COLLATION_CONNECTION */;
